{
  "total_pairs": 435,
  "mean_similarity": 0.7930147126436782,
  "median_similarity": 0.7919,
  "standard_deviation": 0.06883538794917066,
  "minimum_similarity": 0.5603,
  "maximum_similarity": 0.9563
}